[
  {
    "name": "Afghanistan",
    "code": "AF",
    "phone_code": "+93",
    "flag": "1af.png"
  },
  {
    "name": "Albania",
    "code": "AL",
    "phone_code": "+355",
    "flag": "1al.png"
  },
  {
    "name": "Algeria",
    "code": "DZ",
    "phone_code": "+213",
    "flag": "1dz.png"
  },
  {
    "name": "American Samoa",
    "code": "AS",
    "phone_code": "+1",
    "flag": "1as.png"
  },
  {
    "name": "Andorra",
    "code": "AD",
    "phone_code": "+376",
    "flag": "1ad.png"
  },
  {
    "name": "Angola",
    "code": "AO",
    "phone_code": "+244",
    "flag": "1ao.png"
  },
  {
    "name": "Anguilla",
    "code": "AI",
    "phone_code": "+1",
    "flag": "1ai.png"
  },
  {
    "name": "Antigua",
    "code": "AG",
    "phone_code": "+1",
    "flag": "1ag.png"
  },
  {
    "name": "Argentina",
    "code": "AR",
    "phone_code": "+54",
    "flag": "1ar.png"
  },
  {
    "name": "Armenia",
    "code": "AM",
    "phone_code": "+374",
    "flag": "1am.png"
  },
  {
    "name": "Aruba",
    "code": "AW",
    "phone_code": "+297",
    "flag": "1aw.png"
  },
  {
    "name": "Australia",
    "code": "AU",
    "phone_code": "+61",
    "flag": "1au.png"
  },
  {
    "name": "Austria",
    "code": "AT",
    "phone_code": "+43",
    "flag": "1at.png"
  },
  {
    "name": "Azerbaijan",
    "code": "AZ",
    "phone_code": "+994",
    "flag": "1az.png"
  },
  {
    "name": "Bahrain",
    "code": "BH",
    "phone_code": "+973",
    "flag": "1bh.png"
  },
  {
    "name": "Bangladesh",
    "code": "BD",
    "phone_code": "+880",
    "flag": "1bd.png"
  },
  {
    "name": "Barbados",
    "code": "BB",
    "phone_code": "+1",
    "flag": "1bb.png"
  },
  {
    "name": "Belarus",
    "code": "BY",
    "phone_code": "+375",
    "flag": "1by.png"
  },
  {
    "name": "Belgium",
    "code": "BE",
    "phone_code": "+32",
    "flag": "1be.png"
  },
  {
    "name": "Belize",
    "code": "BZ",
    "phone_code": "+501",
    "flag": "1bz.png"
  },
  {
    "name": "Benin",
    "code": "BJ",
    "phone_code": "+229",
    "flag": "1bj.png"
  },
  {
    "name": "Bermuda",
    "code": "BM",
    "phone_code": "+1",
    "flag": "1bm.png"
  },
  {
    "name": "Bhutan",
    "code": "BT",
    "phone_code": "+975",
    "flag": "1bt.png"
  },
  {
    "name": "Bolivia",
    "code": "BO",
    "phone_code": "+591",
    "flag": "1bo.png"
  },
  {
    "name": "Bosnia and Herzegovina",
    "code": "BA",
    "phone_code": "+387",
    "flag": "1ba.png"
  },
  {
    "name": "Botswana",
    "code": "BW",
    "phone_code": "+267",
    "flag": "1bw.png"
  },
  {
    "name": "Brazil",
    "code": "BR",
    "phone_code": "+55",
    "flag": "1br.png"
  },
  {
    "name": "British Indian Ocean Territory",
    "code": "IO",
    "phone_code": "+246",
    "flag": "1io.png"
  },
  {
    "name": "British Virgin Islands",
    "code": "VG",
    "phone_code": "+1",
    "flag": "1vg.png"
  },
  {
    "name": "Brunei",
    "code": "BN",
    "phone_code": "+673",
    "flag": "1bn.png"
  },
  {
    "name": "Bulgaria",
    "code": "BG",
    "phone_code": "+359",
    "flag": "1bg.png"
  },
  {
    "name": "Burkina Faso",
    "code": "BF",
    "phone_code": "+226",
    "flag": "1bf.png"
  },
  {
    "name": "Burma Myanmar",
    "code": "MM",
    "phone_code": "+95",
    "flag": "1mm.png"
  },
  {
    "name": "Burundi",
    "code": "BI",
    "phone_code": "+257",
    "flag": "1bi.png"
  },
  {
    "name": "Cambodia",
    "code": "KH",
    "phone_code": "+855",
    "flag": "1kh.png"
  },
  {
    "name": "Cameroon",
    "code": "CM",
    "phone_code": "+237",
    "flag": "1cm.png"
  },
  {
    "name": "Canada",
    "code": "CA",
    "phone_code": "+1",
    "flag": "1ca.png"
  },
  {
    "name": "Cape Verde",
    "code": "CV",
    "phone_code": "+238",
    "flag": "1cv.png"
  },
  {
    "name": "Cayman Islands",
    "code": "KY",
    "phone_code": "+1",
    "flag": "1ky.png"
  },
  {
    "name": "Central African Republic",
    "code": "CF",
    "phone_code": "+236",
    "flag": "1cf.png"
  },
  {
    "name": "Chile",
    "code": "CL",
    "phone_code": "+56",
    "flag": "1cl.png"
  },
  {
    "name": "China",
    "code": "CN",
    "phone_code": "+86",
    "flag": "1cn.png"
  },
  {
    "name": "Colombia",
    "code": "CO",
    "phone_code": "+57",
    "flag": "1co.png"
  },
  {
    "name": "Comoros",
    "code": "KM",
    "phone_code": "+269",
    "flag": "1km.png"
  },
  {
    "name": "Cook Islands",
    "code": "CK",
    "phone_code": "+682",
    "flag": "1ck.png"
  },
  {
    "name": "Costa Rica",
    "code": "CR",
    "phone_code": "+506",
    "flag": "1cr.png"
  },
  {
    "name": "Côte dIvoire",
    "code": "CI",
    "phone_code": "+225",
    "flag": "1ci.png"
  },
  {
    "name": "Croatia",
    "code": "HR",
    "phone_code": "+385",
    "flag": "1hr.png"
  },
  {
    "name": "Cuba",
    "code": "CU",
    "phone_code": "+53",
    "flag": "1cu.png"
  },
  {
    "name": "Cyprus",
    "code": "CY",
    "phone_code": "+357",
    "flag": "1cy.png"
  },
  {
    "name": "Czech Republic",
    "code": "CZ",
    "phone_code": "+420",
    "flag": "1cz.png"
  },
  {
    "name": "Democratic Republic of Congo",
    "code": "CD",
    "phone_code": "+243",
    "flag": "1cd.png"
  },
  {
    "name": "Denmark",
    "code": "DK",
    "phone_code": "+45",
    "flag": "1dk.png"
  },
  {
    "name": "Djibouti",
    "code": "DJ",
    "phone_code": "+253",
    "flag": "1dj.png"
  },
  {
    "name": "Dominica",
    "code": "DM",
    "phone_code": "+1",
    "flag": "1dm.png"
  },
  {
    "name": "Dominican Republic",
    "code": "DO",
    "phone_code": "+1",
    "flag": "1doo.png"
  },
  {
    "name": "Ecuador",
    "code": "EC",
    "phone_code": "+593",
    "flag": "1ec.png"
  },
  {
    "name": "Egypt",
    "code": "EG",
    "phone_code": "+20",
    "flag": "1eg.png"
  },
  {
    "name": "El Salvador",
    "code": "SV",
    "phone_code": "+503",
    "flag": "1sv.png"
  },
  {
    "name": "Equatorial Guinea",
    "code": "GQ",
    "phone_code": "+240",
    "flag": "1gq.png"
  },
  {
    "name": "Eritrea",
    "code": "ER",
    "phone_code": "+291",
    "flag": "1er.png"
  },
  {
    "name": "Estonia",
    "code": "EE",
    "phone_code": "+372",
    "flag": "1ee.png"
  },
  {
    "name": "Ethiopia",
    "code": "ET",
    "phone_code": "+251",
    "flag": "1et.png"
  },
  {
    "name": "Falkland Islands",
    "code": "FK",
    "phone_code": "+500",
    "flag": "1fk.png"
  },
  {
    "name": "Faroe Islands",
    "code": "FO",
    "phone_code": "+298",
    "flag": "1fo.png"
  },
  {
    "name": "Federated States of Micronesia",
    "code": "FM",
    "phone_code": "+691",
    "flag": "1fm.png"
  },
  {
    "name": "Fiji",
    "code": "FJ",
    "phone_code": "+679",
    "flag": "1fj.png"
  },
  {
    "name": "Finland",
    "code": "FI",
    "phone_code": "+358",
    "flag": "1fi.png"
  },
  {
    "name": "France",
    "code": "FR",
    "phone_code": "+33",
    "flag": "1fr.png"
  },
  {
    "name": "French Guiana",
    "code": "GF",
    "phone_code": "+594",
    "flag": "1gf.png"
  },
  {
    "name": "French Polynesia",
    "code": "PF",
    "phone_code": "+689",
    "flag": "1pf.png"
  },
  {
    "name": "Gabon",
    "code": "GA",
    "phone_code": "+241",
    "flag": "1ga.png"
  },
  {
    "name": "Georgia",
    "code": "GE",
    "phone_code": "+995",
    "flag": "1ge.png"
  },
  {
    "name": "Germany",
    "code": "DE",
    "phone_code": "+49",
    "flag": "1de.png"
  },
  {
    "name": "Ghana",
    "code": "GH",
    "phone_code": "+233",
    "flag": "1gh.png"
  },
  {
    "name": "Gibraltar",
    "code": "GI",
    "phone_code": "+350",
    "flag": "1gi.png"
  },
  {
    "name": "Greece",
    "code": "GR",
    "phone_code": "+30",
    "flag": "1gr.png"
  },
  {
    "name": "Greenland",
    "code": "GL",
    "phone_code": "+299",
    "flag": "1gl.png"
  },
  {
    "name": "Grenada",
    "code": "GD",
    "phone_code": "+1",
    "flag": "1gd.png"
  },
  {
    "name": "Guadeloupe",
    "code": "GP",
    "phone_code": "+590",
    "flag": "1gp.png"
  },
  {
    "name": "Guam",
    "code": "GU",
    "phone_code": "+1",
    "flag": "1gu.png"
  },
  {
    "name": "Guatemala",
    "code": "GT",
    "phone_code": "+502",
    "flag": "1gt.png"
  },
  {
    "name": "Guinea",
    "code": "GN",
    "phone_code": "+224",
    "flag": "1gn.png"
  },
  {
    "name": "Guinea-Bissau",
    "code": "GW",
    "phone_code": "+245",
    "flag": "1gw.png"
  },
  {
    "name": "Guyana",
    "code": "GY",
    "phone_code": "+592",
    "flag": "1gy.png"
  },
  {
    "name": "Haiti",
    "code": "HT",
    "phone_code": "+509",
    "flag": "1ht.png"
  },
  {
    "name": "Honduras",
    "code": "HN",
    "phone_code": "+504",
    "flag": "1hn.png"
  },
  {
    "name": "Hong Kong",
    "code": "HK",
    "phone_code": "+852",
    "flag": "1hk.png"
  },
  {
    "name": "Hungary",
    "code": "HU",
    "phone_code": "+36",
    "flag": "1hu.png"
  },
  {
    "name": "Iceland",
    "code": "IS",
    "phone_code": "+354",
    "flag": "1is.png"
  },
  {
    "name": "India",
    "code": "IN",
    "phone_code": "+91",
    "flag": "1in.png"
  },
  {
    "name": "Indonesia",
    "code": "ID",
    "phone_code": "+62",
    "flag": "1id.png"
  },
  {
    "name": "Iran",
    "code": "IR",
    "phone_code": "+98",
    "flag": "1ir.png"
  },
  {
    "name": "Iraq",
    "code": "IQ",
    "phone_code": "+964",
    "flag": "1iq.png"
  },
  {
    "name": "Ireland",
    "code": "IE",
    "phone_code": "+353",
    "flag": "1ie.png"
  },
  {
    "name": "Israel",
    "code": "IL",
    "phone_code": "+972",
    "flag": "1il.png"
  },
  {
    "name": "Italy",
    "code": "IT",
    "phone_code": "+39",
    "flag": "1it.png"
  },
  {
    "name": "Jamaica",
    "code": "JM",
    "phone_code": "+1",
    "flag": "1jm.png"
  },
  {
    "name": "Japan",
    "code": "JP",
    "phone_code": "+81",
    "flag": "1jp.png"
  },
  {
    "name": "Jordan",
    "code": "JO",
    "phone_code": "+962",
    "flag": "1jo.png"
  },
  {
    "name": "Kazakhstan",
    "code": "KZ",
    "phone_code": "+7",
    "flag": "1kz.png"
  },
  {
    "name": "Kenya",
    "code": "KE",
    "phone_code": "+254",
    "flag": "1ke.png"
  },
  {
    "name": "Kiribati",
    "code": "KI",
    "phone_code": "+686",
    "flag": "1ki.png"
  },
  {
    "name": "Kosovo",
    "code": "XK",
    "phone_code": "+383",
    "flag": "1xk.png"
  },
  {
    "name": "Kuwait",
    "code": "KW",
    "phone_code": "+965",
    "flag": "1kw.png"
  },
  {
    "name": "Kyrgyzstan",
    "code": "KG",
    "phone_code": "+996",
    "flag": "1kg.png"
  },
  {
    "name": "Laos",
    "code": "LA",
    "phone_code": "+856",
    "flag": "1la.png"
  },
  {
    "name": "Latvia",
    "code": "LV",
    "phone_code": "+371",
    "flag": "1lv.png"
  },
  {
    "name": "Lebanon",
    "code": "LB",
    "phone_code": "+961",
    "flag": "1lb.png"
  },
  {
    "name": "Lesotho",
    "code": "LS",
    "phone_code": "+266",
    "flag": "1ls.png"
  },
  {
    "name": "Liberia",
    "code": "LR",
    "phone_code": "+231",
    "flag": "1lr.png"
  },
  {
    "name": "Libya",
    "code": "LY",
    "phone_code": "+218",
    "flag": "1ly.png"
  },
  {
    "name": "Liechtenstein",
    "code": "LI",
    "phone_code": "+423",
    "flag": "1li.png"
  },
  {
    "name": "Lithuania",
    "code": "LT",
    "phone_code": "+370",
    "flag": "1lt.png"
  },
  {
    "name": "Luxembourg",
    "code": "LU",
    "phone_code": "+352",
    "flag": "1lu.png"
  },
  {
    "name": "Macau",
    "code": "MO",
    "phone_code": "+853",
    "flag": "1mo.png"
  },
  {
    "name": "Macedonia",
    "code": "MK",
    "phone_code": "+389",
    "flag": "1mk.png"
  },
  {
    "name": "Madagascar",
    "code": "MG",
    "phone_code": "+261",
    "flag": "1mg.png"
  },
  {
    "name": "Malawi",
    "code": "MW",
    "phone_code": "+265",
    "flag": "1mw.png"
  },
  {
    "name": "Malaysia",
    "code": "MY",
    "phone_code": "+60",
    "flag": "1my.png"
  },
  {
    "name": "Maldives",
    "code": "MV",
    "phone_code": "+960",
    "flag": "1mv.png"
  },
  {
    "name": "Mali",
    "code": "ML",
    "phone_code": "+223",
    "flag": "1ml.png"
  },
  {
    "name": "Malta",
    "code": "MT",
    "phone_code": "+356",
    "flag": "1mt.png"
  },
  {
    "name": "Marshall Islands",
    "code": "MH",
    "phone_code": "+692",
    "flag": "1mh.png"
  },
  {
    "name": "Martinique",
    "code": "MQ",
    "phone_code": "+596",
    "flag": "1mq.png"
  },
  {
    "name": "Mauritania",
    "code": "MR",
    "phone_code": "+222",
    "flag": "1mr.png"
  },
  {
    "name": "Mauritius",
    "code": "MU",
    "phone_code": "+230",
    "flag": "1mu.png"
  },
  {
    "name": "Mayotte",
    "code": "YT",
    "phone_code": "+262",
    "flag": "1yt.png"
  },
  {
    "name": "Mexico",
    "code": "MX",
    "phone_code": "+52",
    "flag": "1mx.png"
  },
  {
    "name": "Moldova",
    "code": "MD",
    "phone_code": "+373",
    "flag": "1md.png"
  },
  {
    "name": "Monaco",
    "code": "MC",
    "phone_code": "+377",
    "flag": "1mc.png"
  },
  {
    "name": "Mongolia",
    "code": "MN",
    "phone_code": "+976",
    "flag": "1mn.png"
  },
  {
    "name": "Montenegro",
    "code": "ME",
    "phone_code": "+382",
    "flag": "1me.png"
  },
  {
    "name": "Montserrat",
    "code": "MS",
    "phone_code": "+1",
    "flag": "1ms.png"
  },
  {
    "name": "Morocco",
    "code": "MA",
    "phone_code": "+212",
    "flag": "1ma.png"
  },
  {
    "name": "Mozambique",
    "code": "MZ",
    "phone_code": "+258",
    "flag": "1mz.png"
  },
  {
    "name": "Namibia",
    "code": "NA",
    "phone_code": "+264",
    "flag": "1na.png"
  },
  {
    "name": "Nauru",
    "code": "NR",
    "phone_code": "+674",
    "flag": "1nr.png"
  },
  {
    "name": "Nepal",
    "code": "NP",
    "phone_code": "+977",
    "flag": "1np.png"
  },
  {
    "name": "Netherlands",
    "code": "NL",
    "phone_code": "+31",
    "flag": "1nl.png"
  },
  {
    "name": "Netherlands Antilles",
    "code": "AN",
    "phone_code": "+599",
    "flag": "1an.png"
  },
  {
    "name": "New Caledonia",
    "code": "NC",
    "phone_code": "+687",
    "flag": "1nc.png"
  },
  {
    "name": "New Zealand",
    "code": "NZ",
    "phone_code": "+64",
    "flag": "1nz.png"
  },
  {
    "name": "Nicaragua",
    "code": "NI",
    "phone_code": "+505",
    "flag": "1ni.png"
  },
  {
    "name": "Niger",
    "code": "NE",
    "phone_code": "+227",
    "flag": "1ne.png"
  },
  {
    "name": "Nigeria",
    "code": "NG",
    "phone_code": "+234",
    "flag": "1ng.png"
  },
  {
    "name": "Niue",
    "code": "NU",
    "phone_code": "+683",
    "flag": "1nu.png"
  },
  {
    "name": "Norfolk Island",
    "code": "NF",
    "phone_code": "+672",
    "flag": "1nf.png"
  },
  {
    "name": "North Korea",
    "code": "KP",
    "phone_code": "+850",
    "flag": "1kp.png"
  },
  {
    "name": "Northern Mariana Islands",
    "code": "MP",
    "phone_code": "+1",
    "flag": "1mp.png"
  },
  {
    "name": "Norway",
    "code": "NO",
    "phone_code": "+47",
    "flag": "1no.png"
  },
  {
    "name": "Oman",
    "code": "OM",
    "phone_code": "+968",
    "flag": "1om.png"
  },
  {
    "name": "Pakistan",
    "code": "PK",
    "phone_code": "+92",
    "flag": "1pk.png"
  },
  {
    "name": "Palau",
    "code": "PW",
    "phone_code": "+680",
    "flag": "1pw.png"
  },
  {
    "name": "Palestine",
    "code": "PS",
    "phone_code": "+970",
    "flag": "1ps.png"
  },
  {
    "name": "Panama",
    "code": "PA",
    "phone_code": "+507",
    "flag": "1pa.png"
  },
  {
    "name": "Papua New Guinea",
    "code": "PG",
    "phone_code": "+675",
    "flag": "1pg.png"
  },
  {
    "name": "Paraguay",
    "code": "PY",
    "phone_code": "+595",
    "flag": "1py.png"
  },
  {
    "name": "Peru",
    "code": "PE",
    "phone_code": "+51",
    "flag": "1pe.png"
  },
  {
    "name": "Philippines",
    "code": "PH",
    "phone_code": "+63",
    "flag": "1ph.png"
  },
  {
    "name": "Poland",
    "code": "PL",
    "phone_code": "+48",
    "flag": "1pl.png"
  },
  {
    "name": "Portugal",
    "code": "PT",
    "phone_code": "+351",
    "flag": "1pt.png"
  },
  {
    "name": "Puerto Rico",
    "code": "PR",
    "phone_code": "+1",
    "flag": "1pr.png"
  },
  {
    "name": "Qatar",
    "code": "QA",
    "phone_code": "+974",
    "flag": "1qa.png"
  },
  {
    "name": "Republic of the Congo",
    "code": "CG",
    "phone_code": "+242",
    "flag": "1cg.png"
  },
  {
    "name": "Réunion",
    "code": "RE",
    "phone_code": "+262",
    "flag": "1re.png"
  },
  {
    "name": "Romania",
    "code": "RO",
    "phone_code": "+40",
    "flag": "1ro.png"
  },
  {
    "name": "Russia",
    "code": "RU",
    "phone_code": "+7",
    "flag": "1ru.png"
  },
  {
    "name": "Rwanda",
    "code": "RW",
    "phone_code": "+250",
    "flag": "1rw.png"
  },
  {
    "name": "Saint Barthélemy",
    "code": "BL",
    "phone_code": "+590",
    "flag": "1bl.png"
  },
  {
    "name": "Saint Helena",
    "code": "SH",
    "phone_code": "+290",
    "flag": "1sh.png"
  },
  {
    "name": "Saint Kitts and Nevis",
    "code": "KN",
    "phone_code": "+1",
    "flag": "1kn.png"
  },
  {
    "name": "Saint Martin",
    "code": "MF",
    "phone_code": "+590",
    "flag": "1mf.png"
  },
  {
    "name": "Saint Pierre and Miquelon",
    "code": "PM",
    "phone_code": "+508",
    "flag": "1pm.png"
  },
  {
    "name": "Saint Vincent and the Grenadines",
    "code": "VC",
    "phone_code": "+1",
    "flag": "1vc.png"
  },
  {
    "name": "Samoa",
    "code": "WS",
    "phone_code": "+685",
    "flag": "1ws.png"
  },
  {
    "name": "San Marino",
    "code": "SM",
    "phone_code": "+378",
    "flag": "1sm.png"
  },
  {
    "name": "São Tomé and Príncipe",
    "code": "ST",
    "phone_code": "+239",
    "flag": "1st.png"
  },
  {
    "name": "Saudi Arabia",
    "code": "SA",
    "phone_code": "+966",
    "flag": "1sa.png"
  },
  {
    "name": "Senegal",
    "code": "SN",
    "phone_code": "+221",
    "flag": "1sn.png"
  },
  {
    "name": "Serbia",
    "code": "RS",
    "phone_code": "+381",
    "flag": "1rs.png"
  },
  {
    "name": "Seychelles",
    "code": "SC",
    "phone_code": "+248",
    "flag": "1sc.png"
  },
  {
    "name": "Sierra Leone",
    "code": "SL",
    "phone_code": "+232",
    "flag": "1sl.png"
  },
  {
    "name": "Singapore",
    "code": "SG",
    "phone_code": "+65",
    "flag": "1sg.png"
  },
  {
    "name": "Slovakia",
    "code": "SK",
    "phone_code": "+421",
    "flag": "1sk.png"
  },
  {
    "name": "Slovenia",
    "code": "SI",
    "phone_code": "+386",
    "flag": "1si.png"
  },
  {
    "name": "Solomon Islands",
    "code": "SB",
    "phone_code": "+677",
    "flag": "1sb.png"
  },
  {
    "name": "Somalia",
    "code": "SO",
    "phone_code": "+252",
    "flag": "1so.png"
  },
  {
    "name": "South Africa",
    "code": "ZA",
    "phone_code": "+27",
    "flag": "1za.png"
  },
  {
    "name": "South Korea",
    "code": "KR",
    "phone_code": "+82",
    "flag": "1kr.png"
  },
  {
    "name": "Spain",
    "code": "ES",
    "phone_code": "+34",
    "flag": "1es.png"
  },
  {
    "name": "Sri Lanka",
    "code": "LK",
    "phone_code": "+94",
    "flag": "1lk.png"
  },
  {
    "name": "St. Lucia",
    "code": "LC",
    "phone_code": "+1",
    "flag": "1lc.png"
  },
  {
    "name": "Sudan",
    "code": "SD",
    "phone_code": "+249",
    "flag": "1sd.png"
  },
  {
    "name": "Suriname",
    "code": "SR",
    "phone_code": "+597",
    "flag": "1sr.png"
  },
  {
    "name": "Swaziland",
    "code": "SZ",
    "phone_code": "+268",
    "flag": "1sz.png"
  },
  {
    "name": "Sweden",
    "code": "SE",
    "phone_code": "+46",
    "flag": "1se.png"
  },
  {
    "name": "Switzerland",
    "code": "CH",
    "phone_code": "+41",
    "flag": "1ch.png"
  },
  {
    "name": "Syria",
    "code": "SY",
    "phone_code": "+963",
    "flag": "1sy.png"
  },
  {
    "name": "Taiwan",
    "code": "TW",
    "phone_code": "+886",
    "flag": "1tw.png"
  },
  {
    "name": "Tajikistan",
    "code": "TJ",
    "phone_code": "+992",
    "flag": "1tj.png"
  },
  {
    "name": "Tanzania",
    "code": "TZ",
    "phone_code": "+255",
    "flag": "1tz.png"
  },
  {
    "name": "Thailand",
    "code": "TH",
    "phone_code": "+66",
    "flag": "1th.png"
  },
  {
    "name": "The Bahamas",
    "code": "BS",
    "phone_code": "+1",
    "flag": "1bs.png"
  },
  {
    "name": "The Gambia",
    "code": "GM",
    "phone_code": "+220",
    "flag": "1gm.png"
  },
  {
    "name": "Timor-Leste",
    "code": "TL",
    "phone_code": "+670",
    "flag": "1tl.png"
  },
  {
    "name": "Togo",
    "code": "TG",
    "phone_code": "+228",
    "flag": "1tg.png"
  },
  {
    "name": "Tokelau",
    "code": "TK",
    "phone_code": "+690",
    "flag": "1tk.png"
  },
  {
    "name": "Tonga",
    "code": "TO",
    "phone_code": "+676",
    "flag": "1to.png"
  },
  {
    "name": "Trinidad and Tobago",
    "code": "TT",
    "phone_code": "+1",
    "flag": "1tt.png"
  },
  {
    "name": "Tunisia",
    "code": "TN",
    "phone_code": "+216",
    "flag": "1tn.png"
  },
  {
    "name": "Turkey",
    "code": "TR",
    "phone_code": "+90",
    "flag": "1tr.png"
  },
  {
    "name": "Turkmenistan",
    "code": "TM",
    "phone_code": "+993",
    "flag": "1tm.png"
  },
  {
    "name": "Turks and Caicos Islands",
    "code": "TC",
    "phone_code": "+1",
    "flag": "1tc.png"
  },
  {
    "name": "Tuvalu",
    "code": "TV",
    "phone_code": "+688",
    "flag": "1tv.png"
  },
  {
    "name": "Uganda",
    "code": "UG",
    "phone_code": "+256",
    "flag": "1ug.png"
  },
  {
    "name": "Ukraine",
    "code": "UA",
    "phone_code": "+380",
    "flag": "1ua.png"
  },
  {
    "name": "United Arab Emirates",
    "code": "AE",
    "phone_code": "+971",
    "flag": "1ae.png"
  },
  {
    "name": "United Kingdom",
    "code": "GB",
    "phone_code": "+44",
    "flag": "1gb.png"
  },
  {
    "name": "United States",
    "code": "US",
    "phone_code": "+1",
    "flag": "1us.png"
  },
  {
    "name": "Uruguay",
    "code": "UY",
    "phone_code": "+598",
    "flag": "1uy.png"
  },
  {
    "name": "US Virgin Islands",
    "code": "VI",
    "phone_code": "+1",
    "flag": "1vi.png"
  },
  {
    "name": "Uzbekistan",
    "code": "UZ",
    "phone_code": "+998",
    "flag": "1uz.png"
  },
  {
    "name": "Vanuatu",
    "code": "VU",
    "phone_code": "+678",
    "flag": "1vu.png"
  },
  {
    "name": "Vatican City",
    "code": "VA",
    "phone_code": "+39",
    "flag": "1va.png"
  },
  {
    "name": "Venezuela",
    "code": "VE",
    "phone_code": "+58",
    "flag": "1ve.png"
  },
  {
    "name": "Vietnam",
    "code": "VN",
    "phone_code": "+84",
    "flag": "1vn.png"
  },
  {
    "name": "Wallis and Futuna",
    "code": "WF",
    "phone_code": "+681",
    "flag": "1wf.png"
  },
  {
    "name": "Yemen",
    "code": "YE",
    "phone_code": "+967",
    "flag": "1ye.png"
  },
  {
    "name": "Zambia",
    "code": "ZM",
    "phone_code": "+260",
    "flag": "1zm.png"
  },
  {
    "name": "Zimbabwe",
    "code": "ZW",
    "phone_code": "+263",
    "flag": "1zw.png"
  },
  {
    "name": "Antarctica",
    "code": "AQ",
    "phone_code": "+672",
    "flag": "1aq.png"
  },
  {
    "name": "Cocos Islands",
    "code": "CC",
    "phone_code": "+61",
    "flag": "1cc.png"
  },
  {
    "name": "Curacao",
    "code": "CW",
    "phone_code": "+599",
    "flag": "1cw.png"
  },
  {
    "name": "Christmas Island",
    "code": "CX",
    "phone_code": "+61",
    "flag": "1cx.png"
  },
  {
    "name": "Western Sahara",
    "code": "EH",
    "phone_code": "+212",
    "flag": "1eh.png"
  },
  {
    "name": "Guernsey",
    "code": "GG",
    "phone_code": "+44-1481",
    "flag": "1gg.png"
  },
  {
    "name": "Isle of Man",
    "code": "IM",
    "phone_code": "+44-1624",
    "flag": "1im.png"
  },
  {
    "name": "Jersey",
    "code": "JE",
    "phone_code": "+44-1534",
    "flag": "1je.png"
  },
  {
    "name": "Pitcairn",
    "code": "PN",
    "phone_code": "+64",
    "flag": "1pn.png"
  },
  {
    "name": "Svalbard and Jan Mayen",
    "code": "SJ",
    "phone_code": "+47",
    "flag": "1sj.png"
  },
  {
    "name": "South Sudan",
    "code": "SS",
    "phone_code": "+211",
    "flag": "1ss.png"
  },
  {
    "name": "Sint Maarten",
    "code": "SX",
    "phone_code": "+1",
    "flag": "1sx.png"
  },
  {
    "name": "Chad",
    "code": "TD",
    "phone_code": "+235",
    "flag": "1td.png"
  }
]
